"tablescraper-selected-row","tablescraper-selected-row 2","tablescraper-selected-row 3"
"Donation History","Comment","Amount"
"21 February 2024","It works...Well","$5.00 USD"
"21 February 2024","(Second donation) Most versatile, easy to use and well designed file search program ever created. Using it 100 times a day. Am even indexing S3 buckets by creating efu files for them :)","$15.00 USD"
"21 February 2024","David, thank you! File Explorer sucks and bewildered why it can't be more like Everything. Thanks!","$10.00 USD"
"20 February 2024","Thank you for ""Everything"" :)","‚Ç¨5.00 EUR"
"20 February 2024","Love the speed and convenience. ""Can't live without it"" says by 17,000 files","$32.65 USD"
"20 February 2024","","$20.00 USD"
"19 February 2024","","$10.00 USD"
"19 February 2024","Thanks, Top Software..","$20.00 USD"
"18 February 2024","I use Search Everything every day for both work and personal use. I recommend it to everyone. Thank you so much for creating such a useful tool.","$50.00 USD"
"18 February 2024","","$15.00 USD"
"18 February 2024","","$1.00 USD"
"18 February 2024","","$12.00 USD"
"18 February 2024","Thank you David for your helpful program. Microsoft coulg go to hide himself with his Explorer","$10.00 USD"
"18 February 2024","Thanks for the app. Exactly what I needed for a one time use home project.","$5.00 USD"
"17 February 2024","","$5.00 USD"
"17 February 2024","","$5.00 USD"
"17 February 2024","","‚Ç¨10.00 EUR"
"17 February 2024","Thank you David for Everything","$20.00 USD"
"17 February 2024","Thank you for this very helpful program! Tsch√º√ü - Thomas","‚Ç¨10.00 EUR"
"17 February 2024","","$10.00 USD"
"17 February 2024","","¬£5.00 GBP"
"17 February 2024","","‚Ç¨1.00 EUR"
"16 February 2024","","‚Ç¨10.00 EUR"
"16 February 2024","","$20.00 USD"
"16 February 2024","Very helpful, thanks.","$30.00 USD"
"16 February 2024","","$2.00 USD"
"15 February 2024","Awesome software, goat-tier-dev!","‚Ç¨3.00 EUR"
"15 February 2024","","$10.00 USD"
"15 February 2024","Sometimes I just sit here in awe at the crazy amount of features this program has. It's terrifyingly useful.","$100.00 USD"
"14 February 2024","","$10.00 USD"
"14 February 2024","I love Everything! It has saved me many, many times. Thanks for creating such a terrific tool. Bravo!","$50.00 USD"
"14 February 2024","","$3.00 USD"
"14 February 2024","","$1.00 USD"
"14 February 2024","","$1.00 USD"
"14 February 2024","","$188.00 USD"
"14 February 2024","","$1.00 USD"
"14 February 2024","","$1.00 USD"
"14 February 2024","","$10.00 USD"
"14 February 2024","","‚Ç¨10.00 EUR"
"13 February 2024","Worth every penny. Should be built into Windows.","$40.00 USD"
"13 February 2024","Thank you so much for programming this amazing tool.","$100.00 USD"
"13 February 2024","","$25.00 USD"
"13 February 2024","I üß° it => Congratuations! EVERY operation system should have such a search function instead of the lame win search! Please offer it to LINUX distributors and Microsoft!","$100.00 USD"
"13 February 2024","","$5.00 USD"
"13 February 2024","Grazie infinite per questo strumento incredibile! üòÄ Un saluto dall'Italia!","‚Ç¨5.00 EUR"
"12 February 2024","Awesum Tool","$20.00 USD"
"12 February 2024","Learned also about Everything when installing the new Directory Opus version 13, and it's great! Keep up the good work!","$10.00 USD"
"12 February 2024","","$1.00 USD"
"11 February 2024","grazie!!!!!!!!!!!!!!!!!!!!!!!!!","$3.00 USD"
"10 February 2024","","$3.69 USD"
"10 February 2024","","$5.00 USD"
"10 February 2024","I just learned about ""Everything"" while setting up my ""Directory Opus"" software. I was able to instantaneously find files that had been misplaced for years! Thank you very for the magic!","$20.00 USD"
"10 February 2024","","‚Ç¨5.00 EUR"
"10 February 2024","Very great utilities that every user must have!","$12.00 USD"
"10 February 2024","","$2.00 USD"
"10 February 2024","","$10.00 USD"
"9 February 2024","Ïñ∏Ï†úÎÇò ÏûòÏì∞Í≥† ÏûàÏäµÎãàÎã§~","$10.00 USD"
"9 February 2024","Fantasic software development!","$10.00 USD"
"8 February 2024","Thank you for this great tool. Please accept this small donation David.","‚Ç¨5.00 EUR"
"8 February 2024","Great app. thank you. Wish I could give more","$10.00 USD"
"8 February 2024","","‚Ç¨10.00 EUR"
"7 February 2024","Everything is just amazing...life was difficult with so much of hard disks around otherwise !","$10.00 USD"
"7 February 2024","Amazing tool! I wish all software was built to this standard! Feature request: double clicking the Path to open it in explorer. Would streamline flow even more!","$20.00 USD"
"7 February 2024","","$20.00 USD"
"7 February 2024","","‚Ç™20.00 ILS"
"6 February 2024","Thank you!","$10.00 USD"
"6 February 2024","Thank you very much, David! Especially for the new powerful full text search in the Alpha version. :)","$20.00 USD"
"6 February 2024","Thank you for your good job!!!","$20.00 USD"
"5 February 2024","Please Hang in there! Everything is Good!","$5.00 USD"
"5 February 2024","Using Everything ""as usual"" & thought, ""oh yeah, I havent updated in a while"". So updated. Then thought ""Everything is one of my favorite, most used, most useful apps"". Just want to show some love :)","$10.00 USD"
"5 February 2024","Thank You Very Much!","$20.00 USD"
"5 February 2024","","$30.00 USD"
"4 February 2024","","$20.00 USD"
"4 February 2024","","$7.00 USD"
"2 February 2024","","¬£2.00 GBP"
"2 February 2024","","$20.00 USD"
"2 February 2024","Seriously a fantastic tool! So much faster than Windows Search and the grainular searches save so much time. When you have decades of files you want to search through this tool is the only one that I have used that just works. Thank you making/maintaining","$50.00 USD"
"2 February 2024","Thanks for this great tool!","‚Ç¨20.00 EUR"
"2 February 2024","","$20.00 CAD"
"1 February 2024","","$30.00 USD"
"1 February 2024","Everything is a brilliant tool. I've been using for years on Windows and hope to continue for many more.","¬£20.00 GBP"
"31 January 2024","Lifesaver, thanks for the great tool!","$10.00 USD"
"31 January 2024","","$1.00 USD"
"30 January 2024","","$10.00 USD"
"29 January 2024","Great spftware. Use frequently.","$20.00 USD"
"28 January 2024","Thank you","$5.00 USD"
"28 January 2024","Thanks. Great Software.","$25.00 USD"
"28 January 2024","","‚Ç¨1.00 EUR"
"28 January 2024","","$20.00 CAD"
"27 January 2024","","$5.00 USD"
"27 January 2024","","$50.00 USD"
"27 January 2024","I use this App almost everything day and have recommended to my friends. Thank you very much for developing such a useful application","$20.00 USD"
"26 January 2024","1.5Alpha is amazing and keeps getting better.","$10.00 USD"
"26 January 2024","","$10.00 USD"
"25 January 2024","I have been using this for years it is wonderful. I had forgotten to donate so I came back to do that. Thank you for the wonderful utility. Please don't improve it till it is no good. Fayette Sim","$10.00 USD"
"24 January 2024","","$5.00 USD"
"24 January 2024","Hi David Great support. I hope you port Everything to Amiga, QNX, Linux. This is the most Amiga-like experience I've ever had on Windows! $15 isn't enough really- I will donate more later this year.","$15.00 USD"
"24 January 2024","","$10.00 USD"
"24 January 2024","Great utility. I use it frequently and have for years. This donation is long overdue.","$10.00 USD"
"24 January 2024","","$3.00 AUD"
"24 January 2024","","$1.00 USD"
"19 January 2024","","$10.00 USD"
"19 January 2024","Tellement utile, merci encore!","‚Ç¨20.00 EUR"
"19 January 2024","","$2.50 USD"
"19 January 2024","","$50.00 USD"
"19 January 2024","","$10.00 USD"
"19 January 2024","","$39.00 USD"
"19 January 2024","","$12.00 USD"
"18 January 2024","Everyone should use Everything","500.00 SEK"
"18 January 2024","","$15.00 USD"
"18 January 2024","","$1.00 USD"
"18 January 2024","Thank-you","$5.00 USD"
"18 January 2024","A very good programme and, very importantly, it is fast. August","‚Ç¨20.00 EUR"
"18 January 2024","","‚Ç¨10.00 EUR"
"18 January 2024","","$5.00 USD"
"18 January 2024","","$5.00 USD"
"17 January 2024","Here is my annual donation: I'll keep donating till you continue to work on this must-have tool. Thanks Claudio","‚Ç¨10.00 EUR"
"17 January 2024","","‚Ç¨1.00 EUR"
"16 January 2024","I really appreciate how this tool makes life so much easier.","$30.00 USD"
"16 January 2024","","$50.00 AUD"
"16 January 2024","","$2.00 USD"
"15 January 2024","Thank you for a great tool. The best Windows search ever! I used it for a couple of years and now it's time for a donation.","‚Ç¨10.00 EUR"
"15 January 2024","I just heard about Everything two years ago. Every time I am using it I'm thinking ""How much time I'd have saved if I had started using it 10 years ago!""","‚Ç¨10.00 EUR"
"15 January 2024","","$3.00 USD"
"15 January 2024","","$1.00 USD"
"15 January 2024","","$1.00 USD"
"15 January 2024","","$10.00 USD"
"15 January 2024","","$1.00 USD"
"15 January 2024","","$1.00 USD"
"15 January 2024","","$1.00 USD"
"15 January 2024","","$5.00 USD"
"12 January 2024","Hi David, I've been using Everything on my work machine and it's become an important part of my daily work. Thank you so, so much for your work!","‚Ç¨50.00 EUR"
"11 January 2024","","‚Ç¨10.00 EUR"
"10 January 2024","","$5.00 USD"
"10 January 2024","","$3.69 USD"
"10 January 2024","","$1.00 USD"
"10 January 2024","","$30.00 USD"
"10 January 2024","","$2.00 USD"
"9 January 2024","I could never find anything without you. you are the only reason windows 10 is usable the search sucks so bad thank you","$5.00 USD"
"9 January 2024","","$5.12 USD"
"8 January 2024","Thank you for your incredible work!","$3.00 USD"
"8 January 2024","","$10.00 USD"
"8 January 2024","!!!","$11.00 USD"
"8 January 2024",":-)","$10.00 USD"
"8 January 2024","happy new year! thanks as always for the great work","$30.00 USD"
"8 January 2024","Hi David. Fantastic facility - sooo handy & versatile!!! Thank you (& your contributors) so much.","$25.00 USD"
"7 January 2024","sw spettacolare! Strumento indispensabile per chi √® costretto ad usare windows. Rapidissimo, veloce, gratuito. Cosa aspettate a fare una donazione? Questi ragazzi meritano!","‚Ç¨10.00 EUR"
"7 January 2024","A very helpful product, Thank You!","$20.00 USD"
"7 January 2024","","$2.00 USD"
"7 January 2024","Happy new Year!","$20.00 USD"
"6 January 2024","","‚Ç™20.00 ILS"
"6 January 2024","","50.00 DKK"
"6 January 2024","","$1.00 USD"
"5 January 2024","","$5.00 AUD"
"5 January 2024","Wow! Way Way WAY faster than Windows Search. Like, almost instantaneous.","$20.00 USD"
"5 January 2024","","¬£30.00 GBP"
"4 January 2024","thanks for great free app that is so much faster than explorer.exe.","$20.00 USD"
"2 January 2024","","$2.00 USD"
"2 January 2024","","¬£2.00 GBP"
"2 January 2024","","¬£10.00 GBP"
"2 January 2024","Very useful application! Thank you!","$10.00 USD"
"2 January 2024","Thanks for Everything!","$5.00 USD"
"2 January 2024","""Everything"" is a live saver! Thank you so much! I love it! üß°","¬£30.00 GBP"
"1 January 2024","Thanks for Everything, its so useful.","¬£30.00 GBP"
"1 January 2024","","$5.00 USD"
"31 December 2023","","$10.00 USD"
"31 December 2023","","$10.00 USD"
"31 December 2023","","$10.00 USD"
"31 December 2023","Thank you for the awesome tool","$5.00 USD"
"30 December 2023","A truly remarkable piece of work!","$25.00 USD"
"30 December 2023","","$20.00 USD"
"30 December 2023","","$20.00 USD"
"30 December 2023","","$100.00 USD"
"30 December 2023","Hi, thanks a lot for this very helpful piece of software. It saves me lots of time.","‚Ç¨30.00 EUR"
"29 December 2023","Thank you!","$15.00 USD"
"28 December 2023","I can't any more use a PC not running Everything!","$10.00 USD"
"28 December 2023","","$10.00 CAD"
"28 December 2023","","‚Ç¨15.00 EUR"
"28 December 2023","","$20.00 CAD"
"28 December 2023","","‚Ç¨1.00 EUR"
"27 December 2023","Everything is one of the most useful pieces of code I've ever used. I am delighted to send you money for it.","$50.00 USD"
"27 December 2023","Tausend Dank f√ºr dieses geniale Tool! üòäüëç","‚Ç¨10.00 EUR"
"27 December 2023","","$10.00 USD"
"26 December 2023","","$10.00 USD"
"25 December 2023","","$7.00 USD"
"25 December 2023","","$1.00 USD"
"25 December 2023","oh my god..this program is amazing..i have to give a donation...","$30.00 USD"
"25 December 2023","I've been using Everything for years, it has helped me find files that Windows could not. I think it's time to pay you back for your good work. Thanks and Happy Holidays!","$10.00 USD"
"25 December 2023","","$10.00 USD"
"24 December 2023","David, your brilliant software is a gem. Thank you for your efforts - year after year!","$10.00 USD"
"23 December 2023","I like this tool, thank you.","‚Ç¨10.00 EUR"
"23 December 2023","Merry Christmas, thank you for this wonderful and extremely helpful piece of SW! I do not want to think about using my PC for a day without it.","‚Ç¨20.00 EUR"
"23 December 2023","","$1.00 USD"
"23 December 2023","","$3.00 AUD"
"22 December 2023","Still my favourite utility. Brilliant software. Thanks!","¬£20.00 GBP"
"22 December 2023","merry christmas","‚Ç¨5.00 EUR"
"21 December 2023","Thank you for this wonderful utility!","$10.00 USD"
"21 December 2023","Dear David, I am using Everything many times a day. Thank You very much for this great software and please keep up updating it. MErry Christmas and a Happy New Year","$20.00 USD"
"21 December 2023","","‚Ç¨3.00 EUR"
"21 December 2023","Thanks","$20.00 USD"
"21 December 2023","Thank you for this great software free of Charge!","‚Ç¨20.00 EUR"
"20 December 2023","This software of yours is super useful.","$7.77 USD"
"20 December 2023","","$10.00 USD"
"19 December 2023","Dear David, Thank you for making our life easier. Merry Christmas!","‚Ç¨20.00 EUR"
"19 December 2023","","$20.00 USD"
"19 December 2023","","$15.00 USD"
"19 December 2023","","$1.00 USD"
"18 December 2023","Sending you an email with a feature request.","$20.00 USD"
"18 December 2023","","$12.00 USD"
"18 December 2023","","‚Ç¨10.00 EUR"
"18 December 2023","","‚Ç¨5.00 EUR"
"17 December 2023","","‚Ç¨10.00 EUR"
"17 December 2023","","$5.00 USD"
"17 December 2023","","$5.00 USD"
"17 December 2023","","‚Ç¨10.00 EUR"
"17 December 2023","Dear David, thanks a lot for your efforts to create this wonderful tool.","‚Ç¨20.00 EUR"
"17 December 2023","I use everyday. Very, very useful","‚Ç¨10.00 EUR"
"16 December 2023","","‚Ç¨1.00 EUR"
"16 December 2023","A really great tool!","‚Ç¨15.00 EUR"
"16 December 2023","","$50.00 USD"
"15 December 2023","","$2.00 USD"
"15 December 2023","Good stuff!","$10.00 USD"
"15 December 2023","I am 82 years old, needing all the help I can get to do virtually everything, and I do not want to think about operating my PC without the Everything search engine. Merry Christmas!","$20.00 USD"
"15 December 2023","Just... amazing... THANK YOU!","$10.00 USD"
"14 December 2023","Phenomenal! I can FINALLY search again for files I thought I lost! Thank you!","$20.00 USD"
"14 December 2023","This is an amazing product...I am glad to donate!","$50.00 USD"
"14 December 2023","What do you want for nothing ‚Äî a rubber biscuit?","$20.00 USD"
"14 December 2023","Thanks for Everything, and thanks for keeping it free!","$20.00 USD"
"14 December 2023","","$1.00 USD"
"14 December 2023","","$10.00 USD"
"14 December 2023","","$3.00 USD"
"14 December 2023","","$1.00 USD"
"14 December 2023","","$1.00 USD"
"13 December 2023","","$25.00 USD"
"13 December 2023","thank you very much you are my hero!","$15.00 USD"
"13 December 2023","","$10.00 USD"
"13 December 2023","","$5.00 USD"
"12 December 2023","I use everything many times daily","$33.33 USD"
"11 December 2023","I'm impressed - so quick! Where has this been all my life!!! :)","$10.00 AUD"
"11 December 2023","Thank you for this great software!","$5.00 USD"
"11 December 2023","","$36.00 USD"
"11 December 2023","","$5.00 USD"
"11 December 2023","","$3.69 USD"
"10 December 2023","","$30.00 USD"
"10 December 2023","","$20.00 USD"
"10 December 2023","Everything is a ""Must Have"" for every Windows user. You immediately miss it when you are on ""Non-Everything""-PC !","$50.00 USD"
"10 December 2023","","$2.00 USD"
"9 December 2023","","‚Ç¨10.00 EUR"
"7 December 2023","","¬£2.00 GBP"
"7 December 2023","I absolutely love this tool.","‚Ç¨20.00 EUR"
"7 December 2023","for one of the best dayly work tools !!","‚Ç¨20.00 EUR"
"7 December 2023","","$3.00 USD"
"7 December 2023","I use your wonderful tool (clever and fast) every day. My small donation (I am poor but would contribute to your motivation) didn't reflect the real value of your clever tool. Thank you. Enki","‚Ç¨3.00 EUR"
"7 December 2023","","$100.00 USD"
"7 December 2023","I think this should be embedded in explorer","$20.00 USD"
"7 December 2023","","‚Ç™20.00 ILS"
"6 December 2023","The right tool in the right place. Thank you.","$20.00 USD"
"5 December 2023","Literally amazing, how have you built a piece of software that so profoundly exceeds everything else in this space. It is a work of genius that has saved me hours, thank you! Poor, or I would donate more.","$5.00 USD"
"5 December 2023","Thanks for doing this David, in my capacity as a frustrated computer user, I hereby grant you permission to adopt the post nominal,","$10.00 AUD"
"5 December 2023","","$20.00 USD"
"5 December 2023","Spectacular Software","$50.00 USD"
"5 December 2023","Most awesome tool and the fast reply with a solution for my problem.","$10.00 USD"
"5 December 2023","history of last search 20 words","$10.00 USD"
"3 December 2023","","‚Ç¨10.00 EUR"
"3 December 2023","","$2.00 USD"
"2 December 2023","Please consider dark mode or adopting the OS's color mode.","$10.00 USD"
"2 December 2023","","$20.00 USD"
"2 December 2023","Its Everything program works well and is very useful and fast in searching for files on computer. For this reason I decided to make a small donation useful for developments. Compliments Best regard","‚Ç¨8.00 EUR"
"1 December 2023","Thank you for this amazing app. Saves me so much time when I need to locate a file.","$10.00 USD"
"30 November 2023","","$10.00 USD"
"30 November 2023","Discovered this the other day when my IT people installed it on my new laptop. has already saved me much time! Brilliant little program that focuses on doing one thing really well. Thank yoU!","$30.00 AUD"
"30 November 2023","","$40.00 CAD"
"30 November 2023","Thank you","$10.00 USD"
"30 November 2023","Mr. Carpenter Thank you for create this amazing search tool. John B","$50.00 USD"
"30 November 2023","","$5.00 USD"
"29 November 2023","Thank you","$1.20 USD"
"29 November 2023","A little early Christmas thank-you(or late thanks giving) - Use this on all my machines, and its fantastic.","¬£20.00 GBP"
"28 November 2023","Perfect tool, thank you!","‚Ç¨20.00 EUR"
"28 November 2023","Use it since years, need to give back. Thanks for such an incredible helpful tool. Very fast, very easy to use. One thing though, took me a long time to realize, one can open more than one search.","$7.00 USD"
"28 November 2023","","$100.00 USD"
"27 November 2023","Fantastic tool.Thanks go to you and a big no thanks to MS.","$40.00 USD"
"26 November 2023","Long overdue to provide this. Thanks for an amazing tool.","$30.00 USD"
"26 November 2023","","$5.00 USD"
"26 November 2023","Thanks for making 'everything' on my computer find-able again.","$20.00 USD"
"25 November 2023","This program is brilliant. Thank you for it.","¬£10.00 GBP"
"24 November 2023","","$5.00 USD"
"24 November 2023","","$50.00 USD"
"23 November 2023","muchas gracias","$5.00 USD"
"23 November 2023","","$3.00 AUD"
"22 November 2023","Thank You","$25.00 USD"
"21 November 2023","","$5.00 USD"
"21 November 2023","This is incredibly helpful. I'm grateful every time I have to use this. I don't understand why Windows' built-in indexing is so bad.","$20.00 USD"
"20 November 2023","Best program ever! Thank you.","$50.00 USD"
"19 November 2023","","$10.00 USD"
"19 November 2023","Wonderful Sofwtare - finds everything super fast in my 56 TB drives","$20.00 USD"
"19 November 2023","","$5.00 USD"
"19 November 2023","","$1.00 USD"
"19 November 2023","","$12.00 USD"
"18 November 2023","Great software, I'm using it for years, it made my life easier, can't imagine IT without it!","$40.00 USD"
"18 November 2023","","$20.00 USD"
"18 November 2023","","$5.00 USD"
"18 November 2023","","$5.00 USD"
"18 November 2023","","‚Ç¨10.00 EUR"
"17 November 2023","Keep on being awesome!","$10.00 USD"
"17 November 2023","I rely on Everything search for finding and launching files (not apps) across my system. So fast, so efficient. Thank you.","$13.00 USD"
"17 November 2023","Thank you so much David. Hope you implement horizontal preview soon.","$20.00 USD"
"16 November 2023","","‚Ç¨1.00 EUR"
"16 November 2023","This is one of the first things to get installed on a new device; so well done. Thank You.","$10.00 USD"
"16 November 2023","Fantastic work, thank you. Saves a lot of time.","‚Ç¨10.00 EUR"
"16 November 2023","","$2.00 USD"
"15 November 2023","","‚Ç¨20.00 EUR"
"14 November 2023","","$10.00 USD"
"14 November 2023","A software tool uncommonly well designed, well intentioned, well executed, and respectful of its users, their time, and resources.","$35.00 USD"
"14 November 2023","","$1.00 USD"
"14 November 2023","","$1.00 USD"
"13 November 2023","","$3.00 USD"
"13 November 2023","","$10.00 USD"
"13 November 2023","","$1.00 USD"
"13 November 2023","","$50.00 USD"
"13 November 2023","Fantastic work, plus what all the other commenters said, this program is a lifesaver, and thanks for writing it. It's helping me every single day.","$20.00 USD"
"13 November 2023","","‚Ç¨30.00 EUR"
"12 November 2023","","$5.00 USD"
"12 November 2023","","¬£2.00 GBP"
"12 November 2023","","$10.00 USD"
"11 November 2023","","$1.00 USD"
"11 November 2023","","$70.00 USD"
"11 November 2023","","$5.00 USD"
"11 November 2023","","$3.69 USD"
"10 November 2023","","$20.00 USD"
"10 November 2023","Best program ever. One of the main reason I¬¥m actually staying on Windows. Keep up the great work!","$3.00 USD"
"10 November 2023","","$50.00 USD"
"10 November 2023","","‚Ç¨5.00 EUR"
"9 November 2023","","$2.00 USD"
"9 November 2023","thanks its super !","200.00 CZK"
"8 November 2023","","$1.00 USD"
"8 November 2023","","$10.00 USD"
"7 November 2023","Everything Search is still an indispensable tool after more than 10+ years of use. Thanks David. I'm moving on to Linux and would love to continue using Everything Search if made available for Linux.","$20.00 CAD"
"7 November 2023","thank you for Everything","‚Ç¨5.00 EUR"
"7 November 2023","","$1.00 USD"
"7 November 2023","","‚Ç¨7.77 EUR"
"7 November 2023","","$10.00 USD"
"7 November 2023","Many thanks for a great search engine !!! Kyriacos K.","$25.00 USD"
"6 November 2023","","‚Ç™20.00 ILS"
"6 November 2023","","$3.00 USD"
"6 November 2023","Well done!","‚Ç¨5.00 EUR"
"5 November 2023","thanks for this software","$10.00 USD"
"5 November 2023","Most important software on Earth.","$5.00 USD"
"5 November 2023","","100.00 PLN"
"5 November 2023","Thanks so much for your work on this software. Everything has for years been an indispensable tool.","$30.00 USD"
"5 November 2023","","$10.00 USD"
"5 November 2023","","$27.00 USD"
"5 November 2023","Exactly what i needed. Good job","‚Ç¨10.00 EUR"
"5 November 2023","","$20.00 USD"
"4 November 2023","thank you for changing my life","$10.00 AUD"
"3 November 2023","Great tool, quick and responsive UI is something I no longer take for granted!","$20.00 AUD"
"3 November 2023","","$2.00 USD"
"2 November 2023","Thks lot, for me perfect software","‚Ç¨20.00 EUR"
"2 November 2023","Outstanding piece of software. Thanks a lot!","$30.00 USD"
"2 November 2023","Everything rules. One of the most useful pieces of software I've ever used.","¬£25.00 GBP"
"2 November 2023","Really value this program, David. Many thanks for the recent help Jim","$30.00 USD"
"2 November 2023","","$15.00 USD"
"1 November 2023","","$10.00 USD"
"31 October 2023","Merci pour votre aide magnifique, bonne continuation. Nathalie","$30.00 USD"
"31 October 2023","Thank you for creating such amazing indexing tool and keeping it free. It is much better than windows search and the added EXIF capabilities is very useful.","$10.00 CAD"
"31 October 2023","","$10.00 USD"
"31 October 2023","","$10.00 USD"
"30 October 2023","Thanks!","$10.00 USD"
"29 October 2023","This is one of the best tools i came across in the last 20 years !","‚Ç¨6.00 EUR"
"28 October 2023","Donate periodically because I use this everyday and can't imagine being without it. Thank you","$25.00 CAD"
"28 October 2023","Wow, not a lot of content left like this in the world. I hope this is the future! Thanks so much. MLR","$2.00 USD"
"28 October 2023","","$20.00 CAD"
"27 October 2023","","‚Ç¨1.00 EUR"
"27 October 2023","Thanks for the great app.","$7.00 AUD"
"27 October 2023","Keep on keepin' on David. I could not live without this program (on Windows). Thanx","$25.00 USD"
"27 October 2023","","$10.00 USD"
"26 October 2023","","$10.00 USD"
"26 October 2023","","$25.00 USD"
"25 October 2023","","‚Ç¨5.00 EUR"
"25 October 2023","Great program, just found it relatively recently love the speed!!!","$20.00 USD"
"25 October 2023","Great program, thank you!","¬£5.00 GBP"
"25 October 2023","A user for about 10 yrs or more. Nothing close have I every found. Already contributed once. It is worth so much. Contributing again!","$20.00 USD"
"25 October 2023","","$10.00 USD"
"25 October 2023","","$5.00 USD"
"25 October 2023","","$20.00 USD"
"24 October 2023","Thanks again, David!","$20.00 USD"
"24 October 2023","Thanks for your awesome software.","$5.00 AUD"
"24 October 2023","Blown away by the speed!!! Fast, very very fast","$5.00 AUD"
"23 October 2023","","$5.00 USD"
"22 October 2023","","$3.00 AUD"
"22 October 2023","Does exactly what it needs to do very well","$10.00 AUD"
"22 October 2023","","$20.00 USD"
"22 October 2023","","$7.00 USD"
"21 October 2023","Just perfect","$8.00 USD"
"21 October 2023","","$20.00 USD"
"20 October 2023","Lifesaver","‚Ç¨5.00 EUR"
"20 October 2023","","$10.00 USD"
"20 October 2023","","$10.00 USD"
"20 October 2023","","$1.00 USD"
"20 October 2023","","$12.00 USD"
"18 October 2023","Incredible! Searching with Microsoft-Tools is a nightmare compared to this super fast and helpful tool!","‚Ç¨10.00 EUR"
"18 October 2023","","‚Ç¨10.00 EUR"
"18 October 2023","","$5.00 USD"
"18 October 2023","","$5.00 USD"
"17 October 2023","","$5.00 USD"
"17 October 2023","","‚Ç¨1.00 EUR"
"15 October 2023","","$2.00 USD"
"15 October 2023","","$25.00 USD"
"14 October 2023","Wonderful tool, and very quick to provide support.","$5.00 USD"
"14 October 2023","Great Software - Thanks","$20.00 USD"
"14 October 2023","Thanks David for the one of the most time-saving utilities out there. The REGEX functionality is fantastic.","$25.00 USD"
"14 October 2023","Everything saves me so much time...","$10.00 USD"
"14 October 2023","","¬£15.00 GBP"
"14 October 2023","","$1.00 USD"
"14 October 2023","","$3.00 USD"
"14 October 2023","","$1.00 USD"
"14 October 2023","","$1.00 USD"
"14 October 2023","","$10.00 USD"
"13 October 2023","","$10.00 CAD"
"13 October 2023","","$5.00 USD"
"13 October 2023","","$5.00 USD"
"12 October 2023","","$20.00 USD"
"11 October 2023","","$15.00 USD"
"11 October 2023","","$10.00 USD"
"11 October 2023","Great program. I thank you for your efforts. Your regex search has made your program indispensable. I use it daily.","$25.00 USD"
"11 October 2023","","$3.69 USD"
"11 October 2023","","$5.00 USD"
"10 October 2023","","‚Ç¨15.00 EUR"
"10 October 2023","","$2.00 USD"
"9 October 2023","","$10.00 USD"
"8 October 2023","Everything is as vital to my workflow as my Adobe applications. Thank you.","$10.00 USD"
"7 October 2023","","$10.00 USD"
"7 October 2023","","$10.00 USD"
"7 October 2023","","‚Ç™20.00 ILS"
"7 October 2023","","‚Ç¨20.00 EUR"
"6 October 2023","The basic feature I got used to doing without, but now, cannot live without.","$50.00 USD"
"6 October 2023","","$10.00 USD"
"6 October 2023","","$5.00 USD"
"6 October 2023","","$10.00 AUD"
"5 October 2023","This is one of the best applications that I have discovered in the past 10 years. It helps me so much in finding necessary files, it's just amazing!","$50.00 USD"
"5 October 2023","","¬£5.00 GBP"
"4 October 2023","","‚Ç¨5.00 EUR"
"4 October 2023","Everything I need to search in Windows :) Thank YOU!","25.00 PLN"
"3 October 2023","Thank you for making ""Everything"" David","$25.00 USD"
"3 October 2023","Thanks for making PC life a little easier!","$10.00 USD"
"3 October 2023","","$30.00 USD"
"3 October 2023","","$2.00 USD"
"3 October 2023","","¬£2.00 GBP"
"2 October 2023","Saved me countless times when my files were ""lost"" on my harddrive","$5.00 USD"
"1 October 2023","Unbelievable. MS Search is the worst ever and I always dred how slow was to search my 8 drives with 30TB of data. I tried this search program and it was instant searching the drives. Making a donation","$15.00 USD"
"1 October 2023","I keep Everything running 100% of the time. Thank you.","$10.00 USD"
"30 September 2023","","$10.00 USD"
"30 September 2023","Thank you for the job ! It's great !","‚Ç¨5.00 EUR"
"30 September 2023","","$5.00 AUD"
"30 September 2023","","$5.00 USD"
"29 September 2023","","$10.00 USD"
"28 September 2023","I have been using Everything for years. It is an indispensable tool! Thank you.","$50.00 USD"
"27 September 2023","","‚Ç¨1.00 EUR"
"27 September 2023","","$20.00 CAD"
"27 September 2023","Your program works so well! Thank you for creating it. -Chris Cate","$15.00 USD"
"27 September 2023","","$10.00 USD"
"27 September 2023","","$50.00 USD"
"26 September 2023","Danke f√ºr das super Programm!","‚Ç¨10.00 EUR"
"26 September 2023","Thank you for the program. I am sure it will always be present in any Windows machine I own.","$20.00 CAD"
"25 September 2023","Best wishes!!!","$20.00 USD"
"25 September 2023","Awesome program !! It really is a life-saver. I would love to see the MacOSX version soon !!","$30.00 USD"
"24 September 2023","Thank you","$10.00 USD"
"24 September 2023","This search tool is amazing! I use it all the time. It is light years ahead of Windows Explorer. Must have!","$5.00 USD"
"24 September 2023","","$3.00 AUD"
"22 September 2023","Always a great help!","$10.00 USD"
"22 September 2023","Fantastic tool, I could not imagine my life without it !!!","‚Ç¨10.00 EUR"
"22 September 2023","","$150.00 USD"
"22 September 2023","","$5.00 USD"
"21 September 2023","","$10.00 USD"
"21 September 2023","Great product...use it every day.","$10.00 USD"
"19 September 2023","","$10.00 USD"
"19 September 2023","","$1.00 USD"
"19 September 2023","","$12.00 USD"
"18 September 2023","","$10.00 USD"
"18 September 2023","","$5.00 USD"
"18 September 2023","","$5.00 USD"
"18 September 2023","","‚Ç¨10.00 EUR"
"17 September 2023","","$100.00 USD"
"17 September 2023","","$10.00 USD"
"17 September 2023","Literal life-saver!! Especially since Win11 search is glitchy & worse than Win10 (can't find ABC_DEF.txt but *can* find ABC-DEF.txt). I owe you at least a good coffee :) - Sid","$15.00 USD"
"17 September 2023","","‚Ç¨1.00 EUR"
"16 September 2023","","$10.00 USD"
"16 September 2023","","$2.00 USD"
"14 September 2023","","$1.00 USD"
"14 September 2023","","$1.00 USD"
"13 September 2023","","$3.00 USD"
"13 September 2023","","$10.00 USD"
"13 September 2023","","$1.00 USD"
"13 September 2023","A must have tool for Windows. It should be built into the OS by default as it's so much better than default search.","$20.00 AUD"
"13 September 2023","","$25.00 AUD"
"12 September 2023","","$5.00 USD"
"12 September 2023","","$30.00 USD"
"12 September 2023","I have been looking for a file for 3 hours. With your program? Less than a second. I just wish I had found this years ago.","$20.00 USD"
"11 September 2023","","$30.00 USD"
"11 September 2023","","$30.00 USD"
"11 September 2023","Everything is awesome!","¬£10.00 GBP"
"10 September 2023","","$3.69 USD"
"10 September 2023","Thank you for making this amazing tool. Hope it continues to be updated for many years to come.","$10.00 USD"
"10 September 2023","","$5.00 USD"
"10 September 2023","Works great,thank you!","$20.00 USD"
"10 September 2023","","$20.00 USD"
"10 September 2023","","$20.00 USD"
"10 September 2023","","‚Ç¨5.00 EUR"
"9 September 2023","","$2.00 USD"
"9 September 2023","","$10.00 USD"
"9 September 2023","","$20.00 USD"
"8 September 2023","great program ! saved me lots of time!","‚Ç¨5.00 EUR"
"8 September 2023","","$1.00 USD"
"8 September 2023","Very useful application! I use it many times every day.","$10.00 USD"
"7 September 2023","The first thing I install on any PC I use. It's absolutely essential. I love the frequent updates, responsive forum support, & all the hard work you do. - Derek","$20.00 USD"
"7 September 2023","","‚Ç¨10.00 EUR"
"7 September 2023","","‚Ç™20.00 ILS"
"6 September 2023","Excellent program! I use it every day.","$10.00 USD"
"6 September 2023","Thanks for this awesome piece of software","‚Ç¨9.00 EUR"
"6 September 2023","","$20.00 USD"
"6 September 2023","This app has saved my butt since I first used it in 2009. Thank you so much!!!","$20.00 USD"
"5 September 2023","","$40.00 USD"
"4 September 2023","Awesome app, useful for my daily flow. Appreciate you looking into my issue personally.","$50.00 USD"
"3 September 2023","","$10.00 USD"
"3 September 2023","","$20.00 USD"
"3 September 2023","Makes finding misplaced files so much easier to find. Useful when I'm trying to find where a program is writing files too.","$10.00 USD"
"3 September 2023","thank you","$5.00 USD"
"3 September 2023","","¬£2.00 GBP"
"3 September 2023","","$2.00 USD"
"2 September 2023","","$20.00 USD"
"2 September 2023","","$10.00 USD"
"1 September 2023","Would love to see an android version of this.","$5.00 USD"
"1 September 2023","This program is amazing, I use it for work all the time and it's a life saver","$50.00 USD"
"1 September 2023","This tool is an essential part of my workflow. I don't know what I'd do without it!","$100.00 USD"